{"cameraMode":{"drawMode":0,"name":"Shaded","section":"Shading Mode"},"sceneLighting":false,"audioPlay":false,"sceneViewState":{"showFog":true,"showMaterialUpdate":false,"showSkybox":false,"showFlares":true,"showImageEffects":true,"showParticleSystems":true},"in2DMode":false,"pivot":{"x":-0.011695250868797303,"y":0.027767512947320939,"z":-0.010241374373435974},"rotation":{"x":0.12319455295801163,"y":0.07849640399217606,"z":-0.009774412028491497,"w":0.9892346262931824},"size":1.156309962272644,"orthographic":false}