{"cameraMode":{"drawMode":0,"name":"Shaded","section":"Shading Mode"},"sceneLighting":false,"audioPlay":false,"sceneViewState":{"showFog":true,"showMaterialUpdate":false,"showSkybox":true,"showFlares":true,"showImageEffects":true,"showParticleSystems":true},"in2DMode":false,"pivot":{"x":4.034799098968506,"y":71.41703033447266,"z":-1.3399639129638672},"rotation":{"x":0.15815512835979463,"y":0.17494188249111176,"z":-0.028480688109993936,"w":0.9713858962059021},"size":22.0,"orthographic":false}